{"cameraMode":{"drawMode":0,"name":"Shaded","section":"Shading Mode"},"sceneLighting":false,"audioPlay":false,"sceneViewState":{"m_AlwaysRefresh":false,"showFog":true,"showSkybox":false,"showFlares":true,"showImageEffects":true,"showParticleSystems":true,"showVisualEffectGraphs":true,"m_FxEnabled":true},"in2DMode":false,"pivot":{"x":-0.013066444545984269,"y":2.7784204483032228,"z":0.5104655623435974},"rotation":{"x":-0.015411900356411934,"y":0.945919930934906,"z":-0.32083386182785036,"w":-0.04543902724981308},"size":3.09456205368042,"orthographic":true}